,emotion,freq,highly related,all related info
0,none,9892,[],[]
1,happy,4209,"['excited', 'proud', 'relieved', 'satisfied']","[('excited', 268), ('proud', 91), ('relieved', 77), ('satisfied', 69)]"
2,excited,2284,"['happy', 'nervous', 'proud', 'hopeful']","[('happy', 268), ('nervous', 58), ('proud', 32), ('hopeful', 23)]"
3,sad,1629,"['angry', 'disappointed', 'upset', 'scared']","[('angry', 73), ('disappointed', 55), ('upset', 40), ('scared', 25)]"
4,proud,1234,"['happy', 'accomplished', 'excited', 'confident']","[('happy', 91), ('accomplished', 38), ('excited', 32), ('confident', 15)]"
5,scared,967,"['nervous', 'worried', 'sad', 'angry']","[('nervous', 53), ('worried', 31), ('sad', 25), ('angry', 20)]"
6,angry,965,"['sad', 'upset', 'frustrated', 'disappointed']","[('sad', 73), ('upset', 47), ('frustrated', 41), ('disappointed', 33)]"
7,relieved,875,"['happy', 'excited', 'grateful', 'thankful']","[('happy', 77), ('excited', 15), ('grateful', 15), ('thankful', 13)]"
8,disappointed,855,"['sad', 'angry', 'upset', 'frustrated']","[('sad', 55), ('angry', 33), ('upset', 24), ('frustrated', 16)]"
9,nervous,835,"['excited', 'scared', 'anxious', 'worried']","[('excited', 58), ('scared', 53), ('anxious', 34), ('worried', 16)]"
10,annoyed,833,"['angry', 'frustrated', 'upset', 'disappointed']","[('angry', 29), ('frustrated', 20), ('upset', 15), ('disappointed', 15)]"
11,upset,768,"['angry', 'sad', 'disappointed', 'frustrated']","[('angry', 47), ('sad', 40), ('disappointed', 24), ('frustrated', 23)]"
12,surprised,746,"['happy', 'excited', 'scared', 'sad']","[('happy', 63), ('excited', 15), ('scared', 11), ('sad', 10)]"
13,frustrated,734,"['angry', 'upset', 'annoyed', 'disappointed']","[('angry', 41), ('upset', 23), ('annoyed', 20), ('disappointed', 16)]"
14,worried,653,"['scared', 'anxious', 'nervous', 'sad']","[('scared', 31), ('anxious', 16), ('nervous', 16), ('sad', 15)]"
15,satisfied,611,"['happy', 'content', 'proud', 'accomplished']","[('happy', 69), ('content', 19), ('proud', 13), ('accomplished', 11)]"
16,determined,589,"['hopeful', 'excited', 'motivated', 'focused']","[('hopeful', 20), ('excited', 8), ('motivated', 6), ('focused', 5)]"
17,anxious,578,"['nervous', 'excited', 'worried', 'scared']","[('nervous', 35), ('excited', 20), ('worried', 16), ('scared', 15)]"
18,hopeful,564,"['excited', 'happy', 'determined', 'nervous']","[('excited', 23), ('happy', 20), ('determined', 20), ('nervous', 14)]"
19,accomplished,463,"['proud', 'happy', 'satisfied', 'excited']","[('proud', 38), ('happy', 30), ('satisfied', 11), ('excited', 7)]"
20,grateful,432,"['happy', 'relieved', 'thankful', 'excited']","[('happy', 40), ('relieved', 15), ('thankful', 8), ('excited', 5)]"
21,content,387,"['happy', 'satisfied', 'relieved', 'proud']","[('happy', 51), ('satisfied', 19), ('relieved', 7), ('proud', 7)]"
22,anticipation,381,"['excited', 'joy', 'excitement', 'happiness']","[('excited', 11), ('joy', 7), ('excitement', 6), ('happiness', 5)]"
23,helpful,346,"['generous', 'happy', 'needed', 'useful']","[('generous', 5), ('happy', 5), ('needed', 4), ('useful', 3)]"
24,curious,312,"['excited', 'happy', 'interested', 'scared']","[('excited', 10), ('happy', 8), ('interested', 6), ('scared', 2)]"
25,afraid,312,"['sad', 'scared', 'worried', 'nervous']","[('sad', 7), ('scared', 4), ('worried', 3), ('nervous', 3)]"
26,tired,311,"['exhausted', 'frustrated', 'happy', 'bored']","[('exhausted', 14), ('frustrated', 8), ('happy', 7), ('bored', 5)]"
27,positive,306,"['special', 'unique', 'relieved', 'hopeful']","[('special', 1), ('unique', 1), ('relieved', 1), ('hopeful', 1)]"
28,confused,306,"['angry', 'frustrated', 'worried', 'happy']","[('angry', 6), ('frustrated', 5), ('worried', 4), ('happy', 4)]"
29,joy,295,"['happy', 'excited', 'happiness', 'anticipation']","[('happy', 17), ('excited', 13), ('happiness', 8), ('anticipation', 7)]"
30,hungry,289,"['excited', 'happy', 'tired', 'upset']","[('excited', 6), ('happy', 5), ('tired', 2), ('upset', 2)]"
31,ashamed,280,"['sad', 'embarrassed', 'scared', 'guilty']","[('sad', 13), ('embarrassed', 12), ('scared', 6), ('guilty', 5)]"
32,guilty,277,"['sad', 'scared', 'ashamed', 'regretful']","[('sad', 9), ('scared', 6), ('ashamed', 5), ('regretful', 5)]"
33,embarrassed,268,"['sad', 'ashamed', 'upset', 'relieved']","[('sad', 15), ('ashamed', 12), ('upset', 9), ('relieved', 7)]"
34,eager,267,"['excited', 'happy', 'hopeful', 'anxious']","[('excited', 11), ('happy', 10), ('hopeful', 4), ('anxious', 3)]"
35,Happy,260,"['Excited', 'Content', 'Joyful', 'Proud']","[('Excited', 25), ('Content', 9), ('Joyful', 7), ('Proud', 6)]"
36,shocked,260,"['angry', 'scared', 'upset', 'sad']","[('angry', 16), ('scared', 13), ('upset', 7), ('sad', 5)]"
37,relaxed,254,"['happy', 'content', 'relieved', 'excited']","[('happy', 23), ('content', 4), ('relieved', 3), ('excited', 3)]"
38,confident,251,"['proud', 'happy', 'nervous', 'accomplished']","[('proud', 15), ('happy', 11), ('nervous', 6), ('accomplished', 5)]"
39,loved,228,"['happy', 'excited', 'grateful', 'wanted']","[('happy', 28), ('excited', 6), ('grateful', 4), ('wanted', 2)]"
40,fear,212,"['sad', 'scared', 'disgust', 'sadness']","[('sad', 11), ('scared', 7), ('disgust', 3), ('sadness', 3)]"
41,embarassed,209,"['upset', 'stupid', 'angry', 'ashamed']","[('upset', 9), ('stupid', 4), ('angry', 4), ('ashamed', 4)]"
42,anger,202,"['sadness', 'frustration', 'sad', 'disgust']","[('sadness', 9), ('frustration', 7), ('sad', 7), ('disgust', 5)]"
43,disgusted,195,"['angry', 'upset', 'sad', 'scared']","[('angry', 6), ('upset', 6), ('sad', 4), ('scared', 4)]"
44,bored,194,"['tired', 'sad', 'lonely', 'happy']","[('tired', 5), ('sad', 5), ('lonely', 3), ('happy', 3)]"
45,amused,192,"['happy', 'surprised', 'embarrassed', 'confused']","[('happy', 4), ('surprised', 4), ('embarrassed', 2), ('confused', 2)]"
46,thankful,191,"['happy', 'relieved', 'grateful', 'excited']","[('happy', 28), ('relieved', 13), ('grateful', 8), ('excited', 4)]"
47,HAPPY,188,"['EXCITED', 'SATISFIED', 'CONTENT', 'SAD']","[('EXCITED', 6), ('SATISFIED', 3), ('CONTENT', 2), ('SAD', 2)]"
48,concerned,177,"['worried', 'sad', 'nervous', 'caring']","[('worried', 11), ('sad', 4), ('nervous', 4), ('caring', 3)]"
49,interested,172,"['excited', 'curious', 'calm', 'happy']","[('excited', 5), ('curious', 5), ('calm', 2), ('happy', 2)]"
50,exhausted,161,"['tired', 'happy', 'weary', 'sad']","[('tired', 14), ('happy', 2), ('weary', 2), ('sad', 2)]"
51,surprise,158,"['happy', 'fear', 'relief', 'shock']","[('happy', 5), ('fear', 3), ('relief', 2), ('shock', 1)]"
52,Excited,154,"['Happy', 'Nervous', 'Hopeful', 'Content']","[('Happy', 25), ('Nervous', 5), ('Hopeful', 4), ('Content', 3)]"
53,pleased,152,"['happy', 'excited', 'relieved', 'satisfied']","[('happy', 12), ('excited', 5), ('relieved', 5), ('satisfied', 3)]"
54,depressed,149,"['sad', 'lonely', 'lost', 'disappointed']","[('sad', 10), ('lonely', 4), ('lost', 3), ('disappointed', 3)]"
55,irritated,146,"['annoyed', 'frustrated', 'disappointed', 'angry']","[('annoyed', 10), ('frustrated', 6), ('disappointed', 4), ('angry', 4)]"
56,competent,143,"['Surprised', 'knowledegble', 'smart', 'satisfied']","[('Surprised', 1), ('knowledegble', 1), ('smart', 1), ('satisfied', 1)]"
57,elated,141,"['happy', 'excited', 'proud', 'surprised']","[('happy', 10), ('excited', 8), ('proud', 3), ('surprised', 3)]"
58,hurt,141,"['scared', 'sad', 'angry', 'upset']","[('scared', 8), ('sad', 7), ('angry', 6), ('upset', 5)]"
59,intrigued,140,"['happy', 'surprised', 'interested', 'entertained']","[('happy', 4), ('surprised', 2), ('interested', 1), ('entertained', 1)]"
60,mad,139,"['sad', 'upset', 'angry', 'frustrated']","[('sad', 11), ('upset', 10), ('angry', 10), ('frustrated', 5)]"
61,lucky,132,"['happy', 'proud', 'rich', 'blessed']","[('happy', 2), ('proud', 1), ('rich', 1), ('blessed', 1)]"
62,calm,132,"['happy', 'content', 'relaxed', 'confident']","[('happy', 10), ('content', 4), ('relaxed', 3), ('confident', 2)]"
63,lonely,128,"['sad', 'depressed', 'bored', 'hopeful']","[('sad', 23), ('depressed', 4), ('bored', 3), ('hopeful', 1)]"
64,sick,125,"['tired', 'horrible', 'scared', 'ill']","[('tired', 4), ('horrible', 2), ('scared', 2), ('ill', 1)]"
65,joyful,125,"['happy', 'excited', 'delight', 'playful']","[('happy', 14), ('excited', 10), ('delight', 1), ('playful', 1)]"
66,fearful,119,"['angry', 'worried', 'scared', 'anxious']","[('angry', 5), ('worried', 4), ('scared', 4), ('anxious', 4)]"
67,motivated,110,"['excited', 'happy', 'determined', 'hopeful']","[('excited', 8), ('happy', 7), ('determined', 6), ('hopeful', 3)]"
68,friendly,108,"['happy', 'content', 'helpful', 'agreeable']","[('happy', 4), ('content', 3), ('helpful', 2), ('agreeable', 1)]"
69,desire,108,"['love', 'happy', 'anticipation', 'loved']","[('love', 1), ('happy', 1), ('anticipation', 1), ('loved', 1)]"
70,loving,107,"['happy', 'grateful', 'lovable', 'protecting']","[('happy', 3), ('grateful', 2), ('lovable', 1), ('protecting', 1)]"
71,ecstatic,104,"['proud', 'happy', 'excited', 'energized']","[('proud', 8), ('happy', 2), ('excited', 2), ('energized', 2)]"
72,thrilled,104,"['excited', 'happy', 'proud', 'delighted']","[('excited', 10), ('happy', 5), ('proud', 2), ('delighted', 2)]"
73,productive,103,"['busy', 'accomplished', 'tired', 'pressured']","[('busy', 2), ('accomplished', 2), ('tired', 1), ('pressured', 1)]"
74,good,103,"['happy', 'proud', 'excited', 'ecstatic']","[('happy', 8), ('proud', 2), ('excited', 2), ('ecstatic', 1)]"
75,adventurous,102,"['excited', 'happy', 'eager', 'hopeful']","[('excited', 3), ('happy', 3), ('eager', 1), ('hopeful', 1)]"
76,stupid,100,"['embarassed', 'guilty', 'upset', 'angry']","[('embarassed', 4), ('guilty', 2), ('upset', 2), ('angry', 2)]"
77,overwhelmed,99,"['sad', 'frustrated', 'obliged', 'helpful']","[('sad', 2), ('frustrated', 1), ('obliged', 1), ('helpful', 1)]"
78,responsible,99,"['panic', 'preassured', 'overwhelmed', 'secured']","[('panic', 1), ('preassured', 1), ('overwhelmed', 1), ('secured', 1)]"
79,frightened,99,"['scared', 'surprised', 'worried', 'angry']","[('scared', 10), ('surprised', 4), ('worried', 3), ('angry', 2)]"
80,regretful,97,"['sad', 'guilty', 'disappointed', 'upset']","[('sad', 4), ('guilty', 4), ('disappointed', 3), ('upset', 2)]"
81,terrified,94,"['scared', 'ashamed', 'worried', 'concerned']","[('scared', 5), ('ashamed', 2), ('worried', 2), ('concerned', 2)]"
82,cautious,93,"['anxious', 'hesitant', 'embarassed', 'nervous']","[('anxious', 2), ('hesitant', 2), ('embarassed', 1), ('nervous', 1)]"
83,sadness,93,"['anger', 'fear', 'frustration', 'hurt']","[('anger', 8), ('fear', 3), ('frustration', 2), ('hurt', 2)]"
84,sorry,92,"['embarrassed', 'ashamed', 'scared', 'upset']","[('embarrassed', 3), ('ashamed', 2), ('scared', 2), ('upset', 1)]"
85,excitement,87,"['anticipation', 'joy', 'happiness', 'relief']","[('anticipation', 6), ('joy', 6), ('happiness', 5), ('relief', 1)]"
86,stressed,87,"['anxious', 'worried', 'upset', 'annoyed']","[('anxious', 6), ('worried', 4), ('upset', 3), ('annoyed', 3)]"
87,indifferent,86,"['understanding', 'unconcerned', 'excited', 'impatient']","[('understanding', 1), ('unconcerned', 1), ('excited', 1), ('impatient', 1)]"
88,pain,86,"['hurt', 'sad', 'hardship', 'sadness']","[('hurt', 3), ('sad', 2), ('hardship', 1), ('sadness', 1)]"
89,delighted,85,"['happy', 'excited', 'surprised', 'elated']","[('happy', 14), ('excited', 3), ('surprised', 3), ('elated', 3)]"
90,powerful,84,"['Grateful', 'Accomplished', 'happy', 'proud']","[('Grateful', 1), ('Accomplished', 1), ('happy', 1), ('proud', 1)]"
91,impatient,84,"['annoyed', 'angry', 'excited', 'bored']","[('annoyed', 6), ('angry', 5), ('excited', 3), ('bored', 3)]"
92,nostalgic,83,"['happy', 'embarassed', 'sad', 'scared']","[('happy', 5), ('embarassed', 1), ('sad', 1), ('scared', 1)]"
93,awkward,83,"['embarassed', 'out of place', 'normal', 'uncomfortable']","[('embarassed', 1), ('out of place', 1), ('normal', 1), ('uncomfortable', 1)]"
94,prepared,82,"['strong', 'happy', 'confident', 'optimistic']","[('strong', 3), ('happy', 3), ('confident', 1), ('optimistic', 1)]"
95,unhappy,80,"['upset', 'sad', 'frustrated', 'disappointed']","[('upset', 9), ('sad', 6), ('frustrated', 6), ('disappointed', 5)]"
96,Sad,80,"['Angry', 'Frustrated', 'Depressed', 'Defeated']","[('Angry', 6), ('Frustrated', 4), ('Depressed', 3), ('Defeated', 2)]"
97,glad,80,"['happy', 'excited', 'relieved', 'proud']","[('happy', 13), ('excited', 3), ('relieved', 2), ('proud', 2)]"
98,relief,77,"['happy', 'thankful', 'happiness', 'surprise']","[('happy', 8), ('thankful', 2), ('happiness', 2), ('surprise', 2)]"
99,Scared,76,"['Nervous', 'Anxious', 'Fearful', 'Sad']","[('Nervous', 8), ('Anxious', 4), ('Fearful', 3), ('Sad', 2)]"
100,fun,76,"['thankful', 'grateful', 'goofy', 'childish']","[('thankful', 1), ('grateful', 1), ('goofy', 1), ('childish', 1)]"
101,bad,76,"['sad', 'upset', 'regret', 'angry']","[('sad', 3), ('upset', 2), ('regret', 1), ('angry', 1)]"
102,justified,75,"['happy', 'proud', 'repulsed']","[('happy', 2), ('proud', 2), ('repulsed', 1)]"
103,smart,73,"['accomplished', 'clever', 'knowledegble', 'competent']","[('accomplished', 3), ('clever', 2), ('knowledegble', 1), ('competent', 1)]"
104,frustration,73,"['anger', 'sadness', 'sad', 'surprise']","[('anger', 7), ('sadness', 3), ('sad', 2), ('surprise', 1)]"
105,rushed,71,"['hurried', 'eager', 'relieved', 'happy']","[('hurried', 1), ('eager', 1), ('relieved', 1), ('happy', 1)]"
106,amazed,71,"['happy', 'shocked', 'dazzled', 'excited']","[('happy', 3), ('shocked', 1), ('dazzled', 1), ('excited', 1)]"
107,defeated,71,"['upset', 'sad', 'hopeful', 'mad']","[('upset', 3), ('sad', 2), ('hopeful', 2), ('mad', 1)]"
108,uncomfortable,71,"['upset', 'nervous', 'scared', 'anxious']","[('upset', 3), ('nervous', 3), ('scared', 2), ('anxious', 1)]"
109,disgust,71,"['anger', 'fear', 'angry', 'Anxious']","[('anger', 5), ('fear', 3), ('angry', 3), ('Anxious', 1)]"
110,betrayed,67,"['angry', 'sad', 'upset', 'mad']","[('angry', 7), ('sad', 5), ('upset', 4), ('mad', 2)]"
111,overjoyed,65,"['excited', 'happy', 'relieved', 'proud']","[('excited', 7), ('happy', 3), ('relieved', 2), ('proud', 2)]"
112,competitive,65,"['anxious', 'lucky', 'excited', 'focused']","[('anxious', 2), ('lucky', 1), ('excited', 1), ('focused', 1)]"
113,pride,63,"['joy', 'satisfaction', 'happiness', 'accomplishment']","[('joy', 4), ('satisfaction', 3), ('happiness', 3), ('accomplishment', 2)]"
114,confuse,63,[],[]
115,aggravated,62,"['disgusted', 'annoyed', 'mad', 'shocked']","[('disgusted', 2), ('annoyed', 2), ('mad', 1), ('shocked', 1)]"
116,playful,62,"['happy', 'excited', 'energetic', 'free']","[('happy', 2), ('excited', 1), ('energetic', 1), ('free', 1)]"
117,conflicted,61,"['surprised', 'impressed', 'disgusted', 'informed']","[('surprised', 1), ('impressed', 1), ('disgusted', 1), ('informed', 1)]"
118,happiness,61,"['joy', 'excitement', 'anticipation', 'pride']","[('joy', 8), ('excitement', 5), ('anticipation', 5), ('pride', 3)]"
119,Disappointed,61,"['Annoyed', 'Frustrated', 'Anticipation', 'distress']","[('Annoyed', 2), ('Frustrated', 2), ('Anticipation', 1), ('distress', 1)]"
120,trust,60,"['happy', 'anger', 'Surprise', 'joy']","[('happy', 2), ('anger', 1), ('Surprise', 1), ('joy', 1)]"
121,love,59,"['happy', 'proud', 'desire', 'caution']","[('happy', 9), ('proud', 2), ('desire', 1), ('caution', 1)]"
122,generous,58,"['helpful', 'happy', 'used', 'good']","[('helpful', 5), ('happy', 4), ('used', 1), ('good', 1)]"
123,dissapointed,58,"['sad', 'angry', 'embarresed', 'annoyed']","[('sad', 5), ('angry', 4), ('embarresed', 1), ('annoyed', 1)]"
124,sympathetic,57,"['concerned', 'scared', 'surprised', 'supportive']","[('concerned', 2), ('scared', 1), ('surprised', 1), ('supportive', 1)]"
125,impressed,56,"['surprised', 'happy', 'excited', 'envious']","[('surprised', 3), ('happy', 2), ('excited', 1), ('envious', 1)]"
126,caring,56,"['concerned', 'helpful', 'happy', 'supportive']","[('concerned', 3), ('helpful', 2), ('happy', 2), ('supportive', 1)]"
127,creative,56,"['excited', 'happy', 'determined', 'fashionable']","[('excited', 3), ('happy', 2), ('determined', 1), ('fashionable', 1)]"
128,awe,54,[],[]
129,Angry,54,"['Frustrated', 'Sad', 'Upset', 'Mad']","[('Frustrated', 6), ('Sad', 6), ('Upset', 4), ('Mad', 2)]"
130,panicked,54,"['upset', 'flustered', 'scared', 'nervous']","[('upset', 2), ('flustered', 1), ('scared', 1), ('nervous', 1)]"
131,Frustrated,54,"['Angry', 'Sad', 'Disappointed', 'Defeated']","[('Angry', 6), ('Sad', 4), ('Disappointed', 2), ('Defeated', 1)]"
132,desperate,52,"['hopeful', 'needy', 'determined', 'sad']","[('hopeful', 4), ('needy', 2), ('determined', 2), ('sad', 2)]"
133,helpless,52,"['sad', 'heartbroken', 'scared', 'terrified']","[('sad', 5), ('heartbroken', 1), ('scared', 1), ('terrified', 1)]"
134,lazy,51,['entitled'],"[('entitled', 1)]"
135,Relieved,50,"['Happy', 'Tired', 'happy', 'Great']","[('Happy', 6), ('Tired', 2), ('happy', 2), ('Great', 2)]"
136,uncertain,50,"['anxious', 'excited', 'apprehensive', 'dissapointed']","[('anxious', 2), ('excited', 1), ('apprehensive', 1), ('dissapointed', 1)]"
137,clever,49,"['smart', 'confident', 'resourceful', 'industrious']","[('smart', 2), ('confident', 1), ('resourceful', 1), ('industrious', 1)]"
138,silly,49,"['frustrated', 'afraid', 'mischeifess', 'mad']","[('frustrated', 1), ('afraid', 1), ('mischeifess', 1), ('mad', 1)]"
139,great,49,"['happy', 'proud', 'nice']","[('happy', 2), ('proud', 1), ('nice', 1)]"
140,Upset,49,"['Angry', 'Disappointed', 'Worried', 'Scared']","[('Angry', 5), ('Disappointed', 2), ('Worried', 2), ('Scared', 2)]"
141,Proud,49,"['Happy', 'Satisfied', 'Ecstatic', 'Excited']","[('Happy', 6), ('Satisfied', 3), ('Ecstatic', 2), ('Excited', 2)]"
142,Nervous,48,"['Scared', 'Excited', 'Fearful', 'Worried']","[('Scared', 8), ('Excited', 5), ('Fearful', 4), ('Worried', 3)]"
143,Annoyed,48,"['Irritated', 'Disgusted', 'Disappointed', 'Vexed']","[('Irritated', 2), ('Disgusted', 2), ('Disappointed', 2), ('Vexed', 1)]"
144,rejected,46,"['sad', 'disappointed', 'outcast', 'unwanted']","[('sad', 5), ('disappointed', 2), ('outcast', 1), ('unwanted', 1)]"
145,foolish,46,"['embarrassed', 'relieved', 'sad', 'scared']","[('embarrassed', 2), ('relieved', 1), ('sad', 1), ('scared', 1)]"
146,entertained,46,"['happy', 'interested', 'intrigued', 'content']","[('happy', 6), ('interested', 1), ('intrigued', 1), ('content', 1)]"
147,safe,46,"['relieved', 'happy', 'secure', 'relief']","[('relieved', 3), ('happy', 2), ('secure', 2), ('relief', 1)]"
148,inspired,46,"['determined', 'creative', 'eager', 'hopeful']","[('determined', 2), ('creative', 1), ('eager', 1), ('hopeful', 1)]"
149,strong,44,"['prepared', 'proud', 'happy', 'optimistic']","[('prepared', 3), ('proud', 3), ('happy', 3), ('optimistic', 1)]"
150,focused,44,"['determined', 'motivated', 'confident', 'hopeful']","[('determined', 5), ('motivated', 3), ('confident', 2), ('hopeful', 1)]"
151,jealous,44,"['angry', 'annoyed', 'sad', 'betrayed']","[('angry', 3), ('annoyed', 2), ('sad', 1), ('betrayed', 1)]"
152,successful,44,"['happy', 'proud', 'confident', 'good about himself']","[('happy', 7), ('proud', 6), ('confident', 2), ('good about himself', 1)]"
153,peaceful,43,"['happy', 'calm', 'his desire fullfilled', 'responsibility']","[('happy', 5), ('calm', 1), ('his desire fullfilled', 1), ('responsibility', 1)]"
154,apprehensive,43,"['anxious', 'concerned', 'excited', 'scared']","[('anxious', 2), ('concerned', 2), ('excited', 2), ('scared', 2)]"
155,Anxious,43,"['Scared', 'Excited', 'Fearful', 'Nervous']","[('Scared', 4), ('Excited', 3), ('Fearful', 2), ('Nervous', 2)]"
156,optimistic,43,"['hopeful', 'strong', 'prepared', 'excited']","[('hopeful', 3), ('strong', 1), ('prepared', 1), ('excited', 1)]"
157,expectant,42,"['hopeful', 'Joy', 'hapoy', 'motivated']","[('hopeful', 3), ('Joy', 1), ('hapoy', 1), ('motivated', 1)]"
158,regret,41,"['bad', 'pain', 'scared', 'stupid']","[('bad', 1), ('pain', 1), ('scared', 1), ('stupid', 1)]"
159,resourceful,41,"['satisfied', 'determined', 'industrious', 'clever']","[('satisfied', 1), ('determined', 1), ('industrious', 1), ('clever', 1)]"
160,comfortable,41,"['happy', 'relaxed', 'cold', 'loved']","[('happy', 2), ('relaxed', 2), ('cold', 1), ('loved', 1)]"
161,fulfilled,41,"['happy', 'content', 'good', 'joyful']","[('happy', 7), ('content', 1), ('good', 1), ('joyful', 1)]"
162,enlightened,41,['excited'],"[('excited', 1)]"
163,discouraged,40,"['sad', 'frustrated', 'upset', 'embarrassed']","[('sad', 3), ('frustrated', 2), ('upset', 1), ('embarrassed', 1)]"
164,Hopeful,40,"['Excited', 'Happy', 'Anticipated', 'Supportive']","[('Excited', 4), ('Happy', 2), ('Anticipated', 2), ('Supportive', 1)]"
165,suspicious,40,"['angry', 'intrigued', 'suspecting', 'curious']","[('angry', 2), ('intrigued', 1), ('suspecting', 1), ('curious', 1)]"
166,lost,39,"['depressed', 'sad', 'alone', 'angry']","[('depressed', 3), ('sad', 2), ('alone', 1), ('angry', 1)]"
167,useful,39,"['helpful', 'accomplished', 'satisfied', 'happy']","[('helpful', 3), ('accomplished', 2), ('satisfied', 1), ('happy', 1)]"
168,appreciative,39,"['happy', 'relieved', 'thankful', 'satisfied']","[('happy', 3), ('relieved', 2), ('thankful', 1), ('satisfied', 1)]"
169,protective,39,"['sad', 'sympathetic', 'proactive', 'happy']","[('sad', 1), ('sympathetic', 1), ('proactive', 1), ('happy', 1)]"
170,distressed,39,"['sad', 'upset', 'horrified', 'annoyed']","[('sad', 2), ('upset', 2), ('horrified', 1), ('annoyed', 1)]"
171,startled,39,"['surprised', 'scared', 'hurt', 'worried']","[('surprised', 2), ('scared', 2), ('hurt', 1), ('worried', 1)]"
172,appreciated,39,"['happy', 'proud', 'connected', 'cared for']","[('happy', 4), ('proud', 2), ('connected', 1), ('cared for', 1)]"
173,Worried,39,"['Nervous', 'Upset', 'Stressed', 'Concerned']","[('Nervous', 3), ('Upset', 2), ('Stressed', 2), ('Concerned', 2)]"
174,kind,38,"['helpful', 'nice', 'good about themselves', 'outgoing']","[('helpful', 1), ('nice', 1), ('good about themselves', 1), ('outgoing', 1)]"
175,enjoyment,38,"['accomplished', 'happy', 'love']","[('accomplished', 1), ('happy', 1), ('love', 1)]"
176,free,37,"['accomplished', 'playful', 'adventurous', 'happy']","[('accomplished', 1), ('playful', 1), ('adventurous', 1), ('happy', 1)]"
177,alarmed,37,"['stressed', 'angry', 'surprised', 'frightful']","[('stressed', 1), ('angry', 1), ('surprised', 1), ('frightful', 1)]"
178,Surprised,37,"['Confused', 'Happy', 'competent', 'Loved']","[('Confused', 2), ('Happy', 2), ('competent', 1), ('Loved', 1)]"
179,ambitious,36,[],[]
180,apologetic,36,['guilty'],"[('guilty', 1)]"
181,enthusiastic,36,"['optimistic', 'anxious', 'exited', 'hopeful']","[('optimistic', 1), ('anxious', 1), ('exited', 1), ('hopeful', 1)]"
182,very happy,35,"['proud', 'satisfied', 'Very relived', 'VEry loose']","[('proud', 1), ('satisfied', 1), ('Very relived', 1), ('VEry loose', 1)]"
183,healthy,35,"['clean', 'sleepy', 'motivated', 'hopeful']","[('clean', 1), ('sleepy', 1), ('motivated', 1), ('hopeful', 1)]"
184,sneaky,34,"['helpful', 'loyal', 'creepy', 'proud']","[('helpful', 1), ('loyal', 1), ('creepy', 1), ('proud', 1)]"
185,adventerous,34,[],[]
186,uneasy,33,"['excited', 'worried', 'scared', 'regretful']","[('excited', 2), ('worried', 2), ('scared', 2), ('regretful', 1)]"
187,ready,33,"['happy', 'eager', 'anxious', 'educated']","[('happy', 4), ('eager', 2), ('anxious', 2), ('educated', 1)]"
188,flattered,33,"['excited', 'happy', 'proud', 'closeness']","[('excited', 3), ('happy', 2), ('proud', 1), ('closeness', 1)]"
189,rebellious,33,"['disgusted', 'frustrated', 'embarressed', 'anxious']","[('disgusted', 1), ('frustrated', 1), ('embarressed', 1), ('anxious', 1)]"
190,Content,32,"['Happy', 'Excited', 'Happy to celebrate', 'Loved']","[('Happy', 9), ('Excited', 3), ('Happy to celebrate', 1), ('Loved', 1)]"
191,energetic,30,"['happy', 'excited', 'playful', 'disappointed']","[('happy', 5), ('excited', 3), ('playful', 1), ('disappointed', 1)]"
192,sleepy,30,"['clean', 'healthy', 'drowsy', 'happy']","[('clean', 1), ('healthy', 1), ('drowsy', 1), ('happy', 1)]"
193,mean,30,"['hateful', 'cocky', 'powerful', 'agressive']","[('hateful', 1), ('cocky', 1), ('powerful', 1), ('agressive', 1)]"
194,embarressed,30,"['sad', 'upset', 'disappointed', 'sick']","[('sad', 3), ('upset', 2), ('disappointed', 2), ('sick', 1)]"
195,secure,30,"['relieved', 'safe', 'happy', 'confident']","[('relieved', 3), ('safe', 2), ('happy', 1), ('confident', 1)]"
196,forgetful,30,"['Thoughtless', 'angry', 'foolish', 'wasteful']","[('Thoughtless', 1), ('angry', 1), ('foolish', 1), ('wasteful', 1)]"
197,vindicated,30,"['happy', 'accepted', 'accomplished']","[('happy', 1), ('accepted', 1), ('accomplished', 1)]"
198,horrified,30,"['ashamed', 'sad', 'upset', 'self-conscious']","[('ashamed', 2), ('sad', 2), ('upset', 1), ('self-conscious', 1)]"
199,mischievous,29,[],[]
200,distracted,29,['careless'],"[('careless', 1)]"
201,connected,29,"['happy', 'appreciated', 'sociable', 'loved']","[('happy', 3), ('appreciated', 1), ('sociable', 1), ('loved', 1)]"
202,shy,29,"['embarrassed', 'sad', 'scared', 'ashamed']","[('embarrassed', 1), ('sad', 1), ('scared', 1), ('ashamed', 1)]"
203,included,29,"['', 'rebellious', 'anxious', 'involved']","[('', 1), ('rebellious', 1), ('anxious', 1), ('involved', 1)]"
204,normal,29,"['content', 'tired', 'excited', 'awkward']","[('content', 3), ('tired', 2), ('excited', 1), ('awkward', 1)]"
205,distraught,29,"['upset', 'angry', 'concerned', 'disappointed']","[('upset', 2), ('angry', 1), ('concerned', 1), ('disappointed', 1)]"
206,energized,28,"['ecstatic', 'joyful', 'happy', 'free']","[('ecstatic', 2), ('joyful', 1), ('happy', 1), ('free', 1)]"
207,inquisitive,28,"['content', 'interested', 'surprised']","[('content', 1), ('interested', 1), ('surprised', 1)]"
208,anticipatory,28,"['happy', 'interested', 'hopeful', 'excited']","[('happy', 2), ('interested', 1), ('hopeful', 1), ('excited', 1)]"
209,joyous,28,"['excited', 'thrilled', 'Happy', 'nervous']","[('excited', 3), ('thrilled', 2), ('Happy', 1), ('nervous', 1)]"
210,wanted,28,"['loved', 'excited']","[('loved', 2), ('excited', 1)]"
211,doubtful,27,['apprehensive'],"[('apprehensive', 1)]"
212,affectionate,27,"['romantic', 'tender', 'pleased', 'loving']","[('romantic', 1), ('tender', 1), ('pleased', 1), ('loving', 1)]"
213,busy,27,"['productive', 'glad', 'happy', 'occupied']","[('productive', 2), ('glad', 1), ('happy', 1), ('occupied', 1)]"
214,happy.,27,"['hopeful.', 'excited.', 'surprised.', 'joyful.']","[('hopeful.', 4), ('excited.', 3), ('surprised.', 3), ('joyful.', 1)]"
215,devastated,27,"['afraid', 'powerless']","[('afraid', 1), ('powerless', 1)]"
216,embarrased,27,"['mislead', 'fearful', 'surprised', 'sorry']","[('mislead', 1), ('fearful', 1), ('surprised', 1), ('sorry', 1)]"
217,Determined,26,"['Motivated', 'Hopeful', 'Energetic', 'Nervous']","[('Motivated', 1), ('Hopeful', 1), ('Energetic', 1), ('Nervous', 1)]"
218,concern,26,"['Tiny house', 'log cabin']","[('Tiny house', 1), ('log cabin', 1)]"
219,Satisfied,26,"['Happy', 'Proud', 'Fulfilled', 'Excited']","[('Happy', 5), ('Proud', 3), ('Fulfilled', 2), ('Excited', 1)]"
220,pained,26,"['sore', 'frustrated', 'upset', 'injured']","[('sore', 1), ('frustrated', 1), ('upset', 1), ('injured', 1)]"
221,cheerful,26,"['excited', 'pride', 'joy', 'lively']","[('excited', 2), ('pride', 1), ('joy', 1), ('lively', 1)]"
222,remorseful,26,"['guilty', 'scared', 'ashamed', 'sad']","[('guilty', 1), ('scared', 1), ('ashamed', 1), ('sad', 1)]"
223,hopeless,25,"['depressed', 'scared', 'sad', 'terrified']","[('depressed', 2), ('scared', 2), ('sad', 2), ('terrified', 1)]"
224,dissatisfied,25,['unhappy'],"[('unhappy', 1)]"
225,Mad,24,"['Angry', 'Hurt', 'Embarrased', 'Concerned']","[('Angry', 2), ('Hurt', 2), ('Embarrased', 1), ('Concerned', 1)]"
226,Curious,24,"['Uncertain', 'Interested', 'Embaressed', 'Poor']","[('Uncertain', 1), ('Interested', 1), ('Embaressed', 1), ('Poor', 1)]"
227,trusting,24,"['happy', 'confident', 'excited', 'safe']","[('happy', 7), ('confident', 1), ('excited', 1), ('safe', 1)]"
228,dumb,24,[],[]
229,encouraged,24,"['supported', 'confident', 'stable', 'enthused']","[('supported', 1), ('confident', 1), ('stable', 1), ('enthused', 1)]"
230,heartbroken,24,"['sad', 'fearful', 'helpless', 'morose']","[('sad', 3), ('fearful', 1), ('helpless', 1), ('morose', 1)]"
231,full,24,"['happy', 'content', 'satisfied']","[('happy', 3), ('content', 3), ('satisfied', 1)]"
232,fortunate,24,"['grateful', 'relieved', 'beleagured']","[('grateful', 1), ('relieved', 1), ('beleagured', 1)]"
233,alone,24,"['sad', 'lost', 'guilty', 'stupid']","[('sad', 3), ('lost', 1), ('guilty', 1), ('stupid', 1)]"
234,dedicated,24,"['anxious', 'surprised']","[('anxious', 1), ('surprised', 1)]"
235,Accomplished,24,"['Happy', 'Grateful', 'powerful', 'Successful']","[('Happy', 3), ('Grateful', 1), ('powerful', 1), ('Successful', 1)]"
236,refreshed,23,"['happy', 'satisfied', 'rejuvenated', 'athletic']","[('happy', 1), ('satisfied', 1), ('rejuvenated', 1), ('athletic', 1)]"
237,special,23,"['happy', 'proud', 'loved', 'nice']","[('happy', 5), ('proud', 2), ('loved', 2), ('nice', 1)]"
238,superior,23,"['turned on', 'entitled', 'unique', 'spiteful']","[('turned on', 1), ('entitled', 1), ('unique', 1), ('spiteful', 1)]"
239,athletic,23,"['peaceful', 'content', 'strong', 'prepared']","[('peaceful', 1), ('content', 1), ('strong', 1), ('prepared', 1)]"
240,dejected,22,"['frustrated', 'Sad', 'defeated', 'unhappy']","[('frustrated', 2), ('Sad', 1), ('defeated', 1), ('unhappy', 1)]"
241,brave,22,['sad'],"[('sad', 1)]"
242,social,22,"['happy', 'satisfied']","[('happy', 2), ('satisfied', 1)]"
243,pressured,22,"['productive', 'uncomfortable']","[('productive', 1), ('uncomfortable', 1)]"
244,not applicable,22,[],[]
245,humiliated,22,"['sad', 'ridiculous', 'mollified', 'embarassed']","[('sad', 2), ('ridiculous', 1), ('mollified', 1), ('embarassed', 1)]"
246,offended,22,"['hurt', 'ashamed', 'sad', 'shocked']","[('hurt', 2), ('ashamed', 1), ('sad', 1), ('shocked', 1)]"
247,disappointment,22,"['sadness', 'disgust', 'surprise', 'frustration']","[('sadness', 1), ('disgust', 1), ('surprise', 1), ('frustration', 1)]"
248,mischevious,21,[],[]
249,alert,21,"['contented', 'curious', 'hopeful', 'happy']","[('contented', 1), ('curious', 1), ('hopeful', 1), ('happy', 1)]"
250,needy,21,"['desperate', 'sad', 'confused', 'frustrated']","[('desperate', 2), ('sad', 1), ('confused', 1), ('frustrated', 1)]"
251,romantic,21,"['tender', 'affectionate', 'anxious', 'generous']","[('tender', 1), ('affectionate', 1), ('anxious', 1), ('generous', 1)]"
252,Embarrassed,21,"['Anxious', 'Ashamed', 'Sorry', 'Dumb']","[('Anxious', 1), ('Ashamed', 1), ('Sorry', 1), ('Dumb', 1)]"
253,Hungry,21,"['Happy', 'Excited', 'Anxious', 'Anticipated']","[('Happy', 2), ('Excited', 1), ('Anxious', 1), ('Anticipated', 1)]"
254,satiated,21,['happy'],"[('happy', 2)]"
255,capable,20,"['determined', 'hard working', 'strong', 'good about themselves']","[('determined', 1), ('hard working', 1), ('strong', 1), ('good about themselves', 1)]"
256,suprised,20,"['happy', 'anger', 'excited', 'elated']","[('happy', 4), ('anger', 1), ('excited', 1), ('elated', 1)]"
257,clumsy,20,[],[]
258,important,20,"['frustrated', 'proud', 'loved', 'cared for']","[('frustrated', 1), ('proud', 1), ('loved', 1), ('cared for', 1)]"
259,compassionate,20,"['sad', 'happy', 'loved', 'worried']","[('sad', 1), ('happy', 1), ('loved', 1), ('worried', 1)]"
260,comforted,20,"['happy', 'normal', 'loving', 'warm']","[('happy', 3), ('normal', 1), ('loving', 1), ('warm', 1)]"
261,restless,20,"['bored', 'anxious', 'unsatisfied', 'unhappy']","[('bored', 2), ('anxious', 1), ('unsatisfied', 1), ('unhappy', 1)]"
262,funny,20,"['pleased', 'happy', 'akward', 'weird']","[('pleased', 1), ('happy', 1), ('akward', 1), ('weird', 1)]"
263,Tired,20,"['Relieved', 'Exhausted', 'Disappointed', 'Pleased']","[('Relieved', 2), ('Exhausted', 2), ('Disappointed', 1), ('Pleased', 1)]"
264,incompetent,20,"['disappointed', 'determined']","[('disappointed', 1), ('determined', 1)]"
265,careless,20,"['apathetic', 'distracted']","[('apathetic', 1), ('distracted', 1)]"
266,unimpressed,20,['indifferent'],"[('indifferent', 1)]"
267,hurried,20,"['rushed', 'eager', 'fidgety', 'nervous']","[('rushed', 1), ('eager', 1), ('fidgety', 1), ('nervous', 1)]"
268,thoughtful,19,"['nostalgic', 'caring', 'loving', 'happy']","[('nostalgic', 1), ('caring', 1), ('loving', 1), ('happy', 1)]"
269,carefree,19,"['dirty', 'relaxed', 'happy', 'protected']","[('dirty', 1), ('relaxed', 1), ('happy', 1), ('protected', 1)]"
270,cold,19,"['', 'scared', 'thankful', 'loved']","[('', 1), ('scared', 1), ('thankful', 1), ('loved', 1)]"
271,understanding,19,"['concerned', 'confused']","[('concerned', 1), ('confused', 1)]"
272,contented,19,"['happy', 'calm', 'alert', 'fulfilled']","[('happy', 2), ('calm', 1), ('alert', 1), ('fulfilled', 1)]"
273,exhilarated,19,"['happy', 'elated', 'victorious', 'relieved']","[('happy', 3), ('elated', 1), ('victorious', 1), ('relieved', 1)]"
274,flustered,19,"['relieved', 'panicked', 'upset', 'embarassed']","[('relieved', 1), ('panicked', 1), ('upset', 1), ('embarassed', 1)]"
275,perplexed,19,"['annoyed', 'irritated']","[('annoyed', 1), ('irritated', 1)]"
276,passionate,19,"['excited', 'determined']","[('excited', 1), ('determined', 1)]"
277,EXCITED,19,"['HAPPY', 'GOOD', 'SATISFIED']","[('HAPPY', 6), ('GOOD', 1), ('SATISFIED', 1)]"
278,Hurt,19,"['Confused', 'Disappointed', 'Mad', 'Sad']","[('Confused', 1), ('Disappointed', 1), ('Mad', 1), ('Sad', 1)]"
279,SAD,18,"['HAPPY', 'LOVE', 'WORRIED', 'FEAR']","[('HAPPY', 2), ('LOVE', 2), ('WORRIED', 1), ('FEAR', 1)]"
280,inadequate,18,"['inferior', 'self-conscious']","[('inferior', 1), ('self-conscious', 1)]"
281,agitated,18,"['irritable', 'upset']","[('irritable', 1), ('upset', 1)]"
282,giving,18,['communal'],"[('communal', 1)]"
283,entitled,18,"['angry', 'lazy', 'turned on', 'superior']","[('angry', 2), ('lazy', 1), ('turned on', 1), ('superior', 1)]"
284,let down,18,"['disappointed', 'angry', 'unsuccessful', 'sad']","[('disappointed', 2), ('angry', 1), ('unsuccessful', 1), ('sad', 1)]"
285,Pleased,18,"['Tired', 'glad']","[('Tired', 1), ('glad', 1)]"
286,irresponsible,18,"['ashamed', 'embarrassed']","[('ashamed', 1), ('embarrassed', 1)]"
287,active,18,"['happy', 'excited', 'enthused', 'relief']","[('happy', 3), ('excited', 2), ('enthused', 1), ('relief', 1)]"
288,informed,18,"['overwhelmed', 'conflicted', 'educated', 'satisfied']","[('overwhelmed', 1), ('conflicted', 1), ('educated', 1), ('satisfied', 1)]"
289,in love,18,"['excited', 'happy', 'enamored', 'impressed']","[('excited', 1), ('happy', 1), ('enamored', 1), ('impressed', 1)]"
290,Thankful,18,"['Grateful', 'Lucky', 'Relieved', 'Disoriented']","[('Grateful', 2), ('Lucky', 2), ('Relieved', 1), ('Disoriented', 1)]"
291,thirsty,18,['upset'],"[('upset', 1)]"
292,knowledgeable,18,"['informed', 'happy', 'satisfied', 'determined']","[('informed', 1), ('happy', 1), ('satisfied', 1), ('determined', 1)]"
293,cool,18,"['excited', 'adventurous', 'happy']","[('excited', 2), ('adventurous', 1), ('happy', 1)]"
294,intelligent,17,"['particular', 'helpful', 'caring', 'accomplished']","[('particular', 1), ('helpful', 1), ('caring', 1), ('accomplished', 1)]"
295,Confused,17,"['Surprised', 'Scared', 'Lost', 'Hurt']","[('Surprised', 2), ('Scared', 2), ('Lost', 1), ('Hurt', 1)]"
296,Guilty,17,"['Ill', 'Tired', 'Sad', 'Grieving']","[('Ill', 1), ('Tired', 1), ('Sad', 1), ('Grieving', 1)]"
297,rested,17,"['relieved', 'exhilarated']","[('relieved', 1), ('exhilarated', 1)]"
298,anxiety,17,"['fear', 'hopeful', 'upset', 'Excited']","[('fear', 2), ('hopeful', 1), ('upset', 1), ('Excited', 1)]"
299,Good,17,"['Healthy', 'Excited']","[('Healthy', 1), ('Excited', 1)]"
300,Grateful,17,"['Thankful', 'Accomplished', 'powerful', 'Love for her']","[('Thankful', 2), ('Accomplished', 1), ('powerful', 1), ('Love for her', 1)]"
301,Joy,17,"['Happy', 'Trust', 'expectant', 'hapoy']","[('Happy', 3), ('Trust', 2), ('expectant', 1), ('hapoy', 1)]"
302,diligent,17,[],[]
303,left out,17,"['envious', 'slighted', 'embarassed', 'upset']","[('envious', 1), ('slighted', 1), ('embarassed', 1), ('upset', 1)]"
304,happy and excited,17,[],[]
305,educated,17,"['informed', 'satisfied', 'frustrated']","[('informed', 1), ('satisfied', 1), ('frustrated', 1)]"
306,daring,17,"['nervous', 'determined', 'bold']","[('nervous', 2), ('determined', 1), ('bold', 1)]"
307,Relaxed,17,"['Happy', 'Excited', 'Joy', 'Enjoying the weather']","[('Happy', 3), ('Excited', 2), ('Joy', 1), ('Enjoying the weather', 1)]"
308,skeptical,16,"['apprehensive', 'excited', 'curious']","[('apprehensive', 1), ('excited', 1), ('curious', 1)]"
309,saddened,16,"['happy', 'joyful', 'rejected', 'hurt']","[('happy', 1), ('joyful', 1), ('rejected', 1), ('hurt', 1)]"
310,miserable,16,"['upset', 'dissapointed', 'ill', 'sweaty']","[('upset', 1), ('dissapointed', 1), ('ill', 1), ('sweaty', 1)]"
311,obligated,16,"['dutiful', 'disgust', 'fear']","[('dutiful', 1), ('disgust', 1), ('fear', 1)]"
312,panic,16,"['responsible', 'frustrated', 'scared', 'anger']","[('responsible', 1), ('frustrated', 1), ('scared', 1), ('anger', 1)]"
313,Concerned,16,"['Worried', 'Mad', 'Sympathy']","[('Worried', 2), ('Mad', 1), ('Sympathy', 1)]"
314,fine,16,[],[]
315,threatened,16,['friendly'],"[('friendly', 1)]"
316,fascinated,16,[],[]
317,honored,16,"['proud', 'happy', 'special']","[('proud', 3), ('happy', 2), ('special', 1)]"
318,furious,16,"['angry', 'shocked', 'disappointed', 'upset']","[('angry', 2), ('shocked', 1), ('disappointed', 1), ('upset', 1)]"
319,abandoned,16,"['sad', 'disrespected', 'hurt']","[('sad', 1), ('disrespected', 1), ('hurt', 1)]"
320,smug,16,['satisfied'],"[('satisfied', 2)]"
321,poor,16,"['broke', 'sad', 'worried', 'burdened']","[('broke', 2), ('sad', 1), ('worried', 1), ('burdened', 1)]"
322,dissappointed,16,['hurt'],"[('hurt', 1)]"
323,giddy,16,"['happy', 'excited', 'sheepish']","[('happy', 2), ('excited', 1), ('sheepish', 1)]"
